DROP TABLE INVENTORY;
DROP TABLE WROTE;
DROP TABLE BRANCH;
DROP TABLE BOOK;
DROP TABLE PUBLISHER;
DROP TABLE AUTHOR;

CREATE TABLE BRANCH
(BranchNo NUMBER(1,0) NOT NULL, 
BranchName VARCHAR2(30) NOT NULL, 
BranchLoc VARCHAR2(30) NOT NULL, 
NumEmployees NUMBER(2,0),
	CONSTRAINT BRANCH_BranchNo_pk primary key(BranchNo));
INSERT INTO BRANCH VALUES (1,  'Henry Downtown',  '16 Riverview', 10);
INSERT INTO BRANCH VALUES (2,  'Henry On The Hill',  '1289 Bedford', 6);
INSERT INTO BRANCH VALUES (3,  'Henry Brentwood',  'Brentwood Mall', 15);
INSERT INTO BRANCH VALUES (4,  'Henry Eastshore', 'Eastshore Mall', 9);


CREATE TABLE BOOK
(BookCode VARCHAR2(4) NOT NULL,
BookTitle VARCHAR2(100) NOT NULL,
PublisherCode VARCHAR2(2) NOT NULL,
BookType VARCHAR2(3) NOT NULL,
Price NUMBER(4,2) NOT NULL,
BookCover VARCHAR2(2),
	CONSTRAINT BOOK_BookCode_pk PRIMARY KEY(BookCode));
    
INSERT INTO BOOK VALUES ('180',  'A Deepness in the Sky', 'LB', 'SFI', 7.19, 'PB');
INSERT INTO BOOK VALUES ('189',  'Magic Terror', 'FA', 'HOR', 7.99, 'PB');
INSERT INTO BOOK VALUES ('200',  'The Stranger', 'SB', 'FIC', 8,'' );
INSERT INTO BOOK VALUES ('378', 'Venice', 'SS', 'ART', 24.5, 'HC');
INSERT INTO BOOK VALUES ('079X', 'Second Wind', 'PU', 'MYS', 24.95, 'HC');
INSERT INTO BOOK VALUES ('808', 'The Edge', 'JP', 'MYS', 6.95, 'PB');
INSERT INTO BOOK VALUES ('1351', 'Dreamcatcher: A Novel', 'SC', 'HOR', 19.6, 'HC');
INSERT INTO BOOK VALUES ('1382', 'Treasure Chests', 'FA', 'ART', 24.46,'');
INSERT INTO BOOK VALUES ('138X', 'Beloved', 'PL', 'FIC', 12.95, 'PB');
INSERT INTO BOOK VALUES ('2226', 'Harry Potter and the Prisoner of Azkaban', 'JT', 'SFI', 13.96, 'HC');
INSERT INTO BOOK VALUES ('2281', 'Van Gogh and Gauguin', 'MP', 'ART', 21, 'HC');
INSERT INTO BOOK VALUES ('2766', 'Of Mice and Men', 'PE', 'FIC', 6.95, 'PB');
INSERT INTO BOOK VALUES ('2908', 'Electric Light', 'FS', 'POE', 14, 'HC');
INSERT INTO BOOK VALUES ('3350', 'Group: Six People in Search of a Life', 'BP', 'PSY', 10.4, 'PB');
INSERT INTO BOOK VALUES ('3743', 'Nine Stories', 'LB', 'PSY', 5.99, 'PB');
INSERT INTO BOOK VALUES ('3906', 'The Soul of a New Machine', 'BY', 'SCI', 11.16, 'PB');
INSERT INTO BOOK VALUES ('5163', 'Travels with Charley', 'PE', 'TRA', 7.95, 'PB');



CREATE TABLE INVENTORY
(BookCode VARCHAR2(4) NOT NULL,
BranchNo NUMBER(1,0) NOT NULL,  
QtyOnHand NUMBER(1,0) NOT NULL,
	CONSTRAINT INVENTORY_pk PRIMARY KEY(BranchNo, BookCode),
	CONSTRAINT INVENTORY_BookCode_fk FOREIGN KEY(BookCode)
		REFERENCES BOOK (BookCode),
	CONSTRAINT INVENTORY_BranchNo_fk FOREIGN KEY(BranchNo)
		REFERENCES BRANCH (BranchNo));
        
INSERT INTO INVENTORY VALUES ('180', 1, 2);
INSERT INTO INVENTORY VALUES ('189', 2, 2);
INSERT INTO INVENTORY VALUES ('200', 1, 1);
INSERT INTO INVENTORY VALUES ('200', 2, 3);
INSERT INTO INVENTORY VALUES ('378', 3, 2);
INSERT INTO INVENTORY VALUES ('079X', 2, 1);
INSERT INTO INVENTORY VALUES ('079X', 3, 2);
INSERT INTO INVENTORY VALUES ('079X', 4, 3);
INSERT INTO INVENTORY VALUES ('808', 2, 1);
INSERT INTO INVENTORY VALUES ('1351', 2, 4);
INSERT INTO INVENTORY VALUES ('1351', 3, 2);
INSERT INTO INVENTORY VALUES ('1382', 2, 1);
INSERT INTO INVENTORY VALUES ('138X', 2, 3);
INSERT INTO INVENTORY VALUES ('2226', 1, 3);
INSERT INTO INVENTORY VALUES ('2226', 3, 2);
INSERT INTO INVENTORY VALUES ('2226', 4, 1);
INSERT INTO INVENTORY VALUES ('2281', 4, 3);
INSERT INTO INVENTORY VALUES ('2766', 3, 2);
INSERT INTO INVENTORY VALUES ('2908', 1, 3);
INSERT INTO INVENTORY VALUES ('2908', 4, 1);


CREATE TABLE PUBLISHER
(PubCode VARCHAR2(2) NOT NULL,
PubName VARCHAR2(30) NOT NULL,
PubCity VARCHAR2(30) NOT NULL,
	CONSTRAINT PUBLISHER_PubCode_pk PRIMARY KEY(PubCode));
    
INSERT INTO PUBLISHER VALUES ('AH', 'Arkham House', 'Sauk City ');
INSERT INTO PUBLISHER VALUES ('AP', 'Arcade Publishing', 'New York');
INSERT INTO PUBLISHER VALUES ('BA', 'Basic Books', 'Boulder ');
INSERT INTO PUBLISHER VALUES ('BP', 'Berkley Publishing', 'Boston');
INSERT INTO PUBLISHER VALUES ('BY', 'Back Bay Books', 'New York');
INSERT INTO PUBLISHER VALUES ('CT', 'Course Technology', 'Boston');
INSERT INTO PUBLISHER VALUES ('FA', 'Fawcett Books', 'New York');
INSERT INTO PUBLISHER VALUES ('FS', 'Farrar Straus and Giroux', 'New York');
INSERT INTO PUBLISHER VALUES ('HC', 'HarperCollins Publishers', 'New York');
INSERT INTO PUBLISHER VALUES ('JP', 'Jove Publications', 'New York');
INSERT INTO PUBLISHER VALUES ('JT', 'Jeremy P. Tarcher', 'Los Angeles');
INSERT INTO PUBLISHER VALUES ('LB', 'Lb Books', 'New York');
INSERT INTO PUBLISHER VALUES ('MP', 'McPherson and Co.', 'Kingston');
INSERT INTO PUBLISHER VALUES ('PE', 'Penguin USA', 'New York');
INSERT INTO PUBLISHER VALUES ('PL', 'Plume', 'New York');
INSERT INTO PUBLISHER VALUES ('PU', 'Putnam Publishing Group', 'New York');
INSERT INTO PUBLISHER VALUES ('RH', 'Random House', 'New York');
INSERT INTO PUBLISHER VALUES ('SB', 'Schoken Books', 'New York');
INSERT INTO PUBLISHER VALUES ('SC', 'Scribner', 'New York');
INSERT INTO PUBLISHER VALUES ('SS', 'Simon and Schuster', 'New York');


CREATE TABLE AUTHOR
(AuthorNo NUMBER(2,0) NOT NULL, 
AuthorFName VARCHAR2(12) NOT NULL, 
AuthorLName VARCHAR2(12) NOT NULL,
	CONSTRAINT AUTHOR_AuthorNo_pk PRIMARY KEY(AuthorNo));
    
INSERT INTO AUTHOR VALUES (1,  'Morrison', 'Toni');
INSERT INTO AUTHOR VALUES (2,  'Solotaroff',  'Paul');
INSERT INTO AUTHOR VALUES (3,  'Vintage',  'Vernon');
INSERT INTO AUTHOR VALUES (4,  'Francis',  'Dick');
INSERT INTO AUTHOR VALUES (5,  'Straub',  'Peter');
INSERT INTO AUTHOR VALUES (6,  'King',  'Stephen');
INSERT INTO AUTHOR VALUES (7,  'Pratt',  'Philip');
INSERT INTO AUTHOR VALUES (8,  'Chase',  'Trudy');
INSERT INTO AUTHOR VALUES (9,  'Collins',  'Bradley');
INSERT INTO AUTHOR VALUES (10,  'Heller',  'Joseph');
INSERT INTO AUTHOR VALUES (11,  'Wills',  'Gary');
INSERT INTO AUTHOR VALUES (12,  'Hofstadter',  'Douglas R.');
INSERT INTO AUTHOR VALUES (13,  'Lee',  'Harper');
INSERT INTO AUTHOR VALUES (14,  'Ambrose',  'Stephen E.');
INSERT INTO AUTHOR VALUES (15,  'Rowling',  'J.K.');


CREATE TABLE WROTE
(BookCode VARCHAR2(4) NOT NULL,
AuthorNo NUMBER(2,0) NOT NULL,
AuthorSeq NUMBER(1,0) NOT NULL,
	CONSTRAINT WROTE_pk PRIMARY KEY(BookCode, AuthorNo),
	CONSTRAINT WROTE_BookCode_fk FOREIGN KEY(BookCode)
		REFERENCES BOOK (BookCode),
	CONSTRAINT WROTE_AuthorNo_fk FOREIGN KEY(AuthorNo)
		REFERENCES AUTHOR (AuthorNo));
        
INSERT INTO WROTE VALUES ('180', 3, 1);
INSERT INTO WROTE VALUES ('189', 5, 1);
INSERT INTO WROTE VALUES ('200', 8, 1);
INSERT INTO WROTE VALUES ('378', 11, 1);
INSERT INTO WROTE VALUES ('079X', 4, 1);
INSERT INTO WROTE VALUES ('808', 4, 1);
INSERT INTO WROTE VALUES ('1351', 6, 1);
INSERT INTO WROTE VALUES ('1382', 15, 2);
INSERT INTO WROTE VALUES ('138X', 1, 1);

SELECT * FROM BRANCH;
SELECT * FROM BOOK;
SELECT * FROM INVENTORY;
SELECT * FROM PUBLISHER;
SELECT * FROM AUTHOR;
SELECT * FROM WROTE;

